procs,partition,wall_s,internal_s,slowest_search_s,slowest_over_average,primes
2,stride (submitted),7.975,7.8636,7.1683,1.0,7378187
2,block,9.7087,9.5994,9.145,1.26,7378187
2,chunked 1000,7.9592,7.8324,7.1689,1.0,7378187
3,stride (submitted),8.5329,8.4191,7.6722,1.5,7378187
3,block,7.2866,7.17,6.714,1.32,7378187
3,chunked 1000,5.9152,5.7986,5.1178,1.0,7378187
4,stride (submitted),4.6889,4.5693,3.8117,1.0,7378187
4,block,5.7068,5.5878,5.1297,1.34,7378187
4,chunked 1000,4.6441,4.522,3.8286,1.0,7378187
6,stride (submitted),4.767,4.641,3.8718,1.5,7378187
6,block,4.113,3.989,3.5229,1.37,7378187
6,chunked 1000,3.4483,3.313,2.5767,1.0,7378187
7,stride (submitted),3.5692,3.4255,2.6454,1.17,7378187
7,block,3.6717,3.5355,3.0709,1.37,7378187
7,chunked 1000,3.0486,2.9185,2.2037,1.0,7378187
8,stride (submitted),2.9541,2.827,1.9651,1.0,7378187
8,block,3.2624,3.1375,2.6688,1.38,7378187
8,chunked 1000,2.8175,2.6878,1.9341,1.0,7378187
12,stride (submitted),3.0024,2.8492,1.98,1.51,7378187
12,block,2.837,2.6863,2.1946,1.4,7378187
12,chunked 1000,2.5011,2.3518,1.5911,1.05,7378187
14,stride (submitted),2.7234,2.5567,1.7114,1.21,7378187
14,block,2.7223,2.54,2.0459,1.37,7378187
14,chunked 1000,2.5278,2.3627,1.6089,1.08,7378187
