section,variant,width,height,angle,block,h2d_ms,kernel_ms,d2h_ms,total_ms,cpu_ms,speedup_kernel,speedup_e2e,h2d_GBps,d2h_GBps,kernel_GBps,mismatch,max_diff,occupancy
main,v0_cpu_nn,7680,4320,30.0,-,0.0000,0.0000,0.0000,509.3139,509.314,0.00,1.00,0.00,0.00,0.00,0,0,0.000
main,v0_cpu_bilinear,7680,4320,30.0,-,0.0000,0.0000,0.0000,1302.7701,1302.770,0.00,1.00,0.00,0.00,0.00,0,0,0.000
main,v1_nn_1d_pinned,7680,4320,30.0,256(1D),8.0603,2.9569,7.5866,18.6038,509.314,172.24,27.38,12.35,13.12,67.32,0,0,0.000
main,v2_nn_2d_pinned,7680,4320,30.0,16x16,8.0586,1.5507,7.5817,17.1911,509.314,328.44,29.63,12.35,13.13,128.37,0,0,0.000
main,v3_bilinear_2d_pinned,7680,4320,30.0,16x16,8.0599,2.6897,7.5883,18.3378,1302.770,484.36,71.04,12.35,13.12,74.01,0,0,0.000
main,v4_nn_2d_pageable,7680,4320,30.0,16x16,21.6736,1.3974,21.7149,44.7859,509.314,364.48,11.37,4.59,4.58,142.46,0,0,0.000
main,v4_bilinear_2d_pageable,7680,4320,30.0,16x16,21.2253,2.6849,20.8919,44.8021,1302.770,485.22,29.08,4.69,4.76,74.14,0,0,0.000
main,v6_texture_bilinear_pinned,7680,4320,30.0,16x16,8.0550,2.4586,7.5797,18.0933,1302.770,529.89,72.00,12.36,13.13,80.97,257964,1,0.000
blocks,v2_nn_2d,7680,4320,30.0,32x1,0.0000,1.5172,0.0000,0.0000,509.314,335.69,0.00,0.00,0.00,131.21,0,0,0.500
blocks,v3_bilinear_2d,7680,4320,30.0,32x1,0.0000,3.3829,0.0000,0.0000,1302.770,385.11,0.00,0.00,0.00,58.84,0,0,0.500
blocks,v2_nn_2d,7680,4320,30.0,64x1,0.0000,1.4456,0.0000,0.0000,509.314,352.32,0.00,0.00,0.00,137.71,0,0,1.000
blocks,v3_bilinear_2d,7680,4320,30.0,64x1,0.0000,3.3676,0.0000,0.0000,1302.770,386.86,0.00,0.00,0.00,59.11,0,0,1.000
blocks,v2_nn_2d,7680,4320,30.0,128x1,0.0000,1.4438,0.0000,0.0000,509.314,352.76,0.00,0.00,0.00,137.88,0,0,1.000
blocks,v3_bilinear_2d,7680,4320,30.0,128x1,0.0000,3.3788,0.0000,0.0000,1302.770,385.57,0.00,0.00,0.00,58.92,0,0,1.000
blocks,v2_nn_2d,7680,4320,30.0,256x1,0.0000,1.4454,0.0000,0.0000,509.314,352.38,0.00,0.00,0.00,137.73,0,0,1.000
blocks,v3_bilinear_2d,7680,4320,30.0,256x1,0.0000,3.3701,0.0000,0.0000,1302.770,386.56,0.00,0.00,0.00,59.07,0,0,1.000
blocks,v2_nn_2d,7680,4320,30.0,8x4,0.0000,1.7291,0.0000,0.0000,509.314,294.55,0.00,0.00,0.00,115.13,0,0,0.500
blocks,v3_bilinear_2d,7680,4320,30.0,8x4,0.0000,2.9544,0.0000,0.0000,1302.770,440.97,0.00,0.00,0.00,67.38,0,0,0.500
blocks,v2_nn_2d,7680,4320,30.0,8x8,0.0000,1.5888,0.0000,0.0000,509.314,320.57,0.00,0.00,0.00,125.30,0,0,1.000
blocks,v3_bilinear_2d,7680,4320,30.0,8x8,0.0000,2.9352,0.0000,0.0000,1302.770,443.84,0.00,0.00,0.00,67.82,0,0,1.000
blocks,v2_nn_2d,7680,4320,30.0,16x8,0.0000,1.5201,0.0000,0.0000,509.314,335.06,0.00,0.00,0.00,130.96,0,0,1.000
blocks,v3_bilinear_2d,7680,4320,30.0,16x8,0.0000,2.8288,0.0000,0.0000,1302.770,460.54,0.00,0.00,0.00,70.37,0,0,1.000
blocks,v2_nn_2d,7680,4320,30.0,32x4,0.0000,1.4623,0.0000,0.0000,509.314,348.29,0.00,0.00,0.00,136.13,0,0,1.000
blocks,v3_bilinear_2d,7680,4320,30.0,32x4,0.0000,3.8540,0.0000,0.0000,1302.770,338.03,0.00,0.00,0.00,51.65,0,0,1.000
blocks,v2_nn_2d,7680,4320,30.0,16x16,0.0000,1.4528,0.0000,0.0000,509.314,350.56,0.00,0.00,0.00,137.02,0,0,1.000
blocks,v3_bilinear_2d,7680,4320,30.0,16x16,0.0000,3.3372,0.0000,0.0000,1302.770,390.38,0.00,0.00,0.00,59.65,0,0,1.000
blocks,v2_nn_2d,7680,4320,30.0,32x8,0.0000,1.5646,0.0000,0.0000,509.314,325.53,0.00,0.00,0.00,127.23,0,0,1.000
blocks,v3_bilinear_2d,7680,4320,30.0,32x8,0.0000,3.8748,0.0000,0.0000,1302.770,336.22,0.00,0.00,0.00,51.37,0,0,1.000
blocks,v2_nn_2d,7680,4320,30.0,64x4,0.0000,1.5100,0.0000,0.0000,509.314,337.30,0.00,0.00,0.00,131.83,0,0,1.000
blocks,v3_bilinear_2d,7680,4320,30.0,64x4,0.0000,4.0037,0.0000,0.0000,1302.770,325.39,0.00,0.00,0.00,49.72,0,0,1.000
blocks,v2_nn_2d,7680,4320,30.0,32x16,0.0000,1.6315,0.0000,0.0000,509.314,312.18,0.00,0.00,0.00,122.02,0,0,1.000
blocks,v3_bilinear_2d,7680,4320,30.0,32x16,0.0000,4.3214,0.0000,0.0000,1302.770,301.47,0.00,0.00,0.00,46.07,0,0,1.000
blocks,v2_nn_2d,7680,4320,30.0,32x32,0.0000,1.8796,0.0000,0.0000,509.314,270.96,0.00,0.00,0.00,105.91,0,0,1.000
blocks,v3_bilinear_2d,7680,4320,30.0,32x32,0.0000,4.3600,0.0000,0.0000,1302.770,298.80,0.00,0.00,0.00,45.66,0,0,1.000
streams,v5a_serial,7680,4320,30.0,16x16,8.0656,3.0831,7.5867,18.7355,1302.770,422.55,69.53,12.34,13.12,64.57,0,0,0.000
streams,v5a_chunked,7680,4320,30.0,16x16,0.0000,0.0000,0.0000,13.7775,1302.770,0.00,94.56,0.00,0.00,0.00,0,0,0.000
streams,v5b_serial_per_image,7680,4320,30.0,16x16,0.0000,0.0000,0.0000,18.3914,1302.770,0.00,70.84,0.00,0.00,0.00,0,0,0.000
streams,v5b_streams_per_image,7680,4320,30.0,16x16,0.0000,0.0000,0.0000,10.1384,1302.770,0.00,128.50,0.00,0.00,0.00,0,0,0.000
