model,n,r_p,r_s,kappa,workers,S_amdahl,S_amdahl_peff,S_empirical
task1_mpi,10000000,0.903073,0.096062,0.033003,14,5.1661,4.8943,2.7239
task1_mpi,14000000,0.919282,0.080037,0.012333,14,6.3278,5.9180,3.2750
task1_mpi,18000000,0.923315,0.075908,0.011521,14,6.5198,6.0838,3.5423
task1_mpi,22000000,0.932928,0.066378,0.017820,14,6.6297,6.1750,3.6600
task1_mpi,26000000,0.937034,0.062223,0.013376,14,7.0161,6.5068,3.8776
task1_mpi,30000000,0.943780,0.055636,0.006628,14,7.7115,7.0966,4.0735
task1_mpi,34000000,0.947355,0.052150,0.004328,14,8.0550,7.3842,4.3252
task1_mpi,38000000,0.948851,0.050363,0.003680,14,8.2089,7.5124,4.2459
task1_mpi,42000000,0.949922,0.049496,0.006797,14,8.0551,7.3826,4.5125
task1_mpi,46000000,0.952724,0.046726,0.002882,14,8.4990,7.7518,4.8032
task1_mpi,50000000,0.958023,0.041591,0.002526,14,8.8851,8.0676,4.8352
task1_mpi,54000000,0.958172,0.041381,0.002088,14,8.9357,8.1092,4.6290
task1_mpi,58000000,0.961390,0.038136,0.003136,14,9.0956,8.2381,4.7850
task1_mpi,62000000,0.962072,0.037528,0.002081,14,9.2312,8.3485,4.9238
task1_mpi,66000000,0.963107,0.036562,0.002607,14,9.2625,8.3733,5.0665
task1_mpi,70000000,0.959528,0.039959,0.001994,14,9.0505,8.2025,5.0622
task1_mpi,74000000,0.965150,0.034523,0.001983,14,9.4835,8.5517,5.2464
task1_mpi,78000000,0.965941,0.033685,0.001787,14,9.5724,8.6232,5.2192
task1_mpi,82000000,0.966361,0.033297,0.001608,14,9.6219,8.6629,5.3645
task1_mpi,86000000,0.965952,0.033760,0.001413,14,9.5997,8.6453,5.3423
task1_mpi,90000000,0.967235,0.032487,0.001811,14,9.6725,8.7032,5.2437
task1_mpi,94000000,0.968609,0.031092,0.001682,14,9.8078,8.8113,5.3341
task1_mpi,98000000,0.967921,0.031709,0.001309,14,9.7890,8.7967,5.5380
task1_mpi,102000000,0.967590,0.032028,0.002365,14,9.6612,8.6937,5.3085
task1_mpi,106000000,0.968568,0.031129,0.001176,14,9.8533,8.8481,5.7014
task1_mpi,110000000,0.969466,0.030174,0.001136,14,9.9446,8.9208,5.6565
task1_mpi,114000000,0.970996,0.028706,0.000981,14,10.0965,9.0413,5.4774
task1_mpi,118000000,0.971491,0.028109,0.000960,14,10.1562,9.0887,5.6127
task1_mpi,122000000,0.971141,0.028428,0.001235,14,10.0979,9.0423,5.5666
task1_mpi,126000000,0.972677,0.026965,0.000887,14,10.2744,9.1820,5.6437
task1_mpi,130000000,0.972441,0.027184,0.001365,14,10.2031,9.1253,5.7682
task2_hybrid,10000000,0.902122,0.096163,0.005125,14,6.0341,6.0341,4.0083
task2_hybrid,14000000,0.918951,0.079613,0.003147,14,6.7386,6.7386,4.5251
task2_hybrid,18000000,0.929786,0.068858,0.002036,14,7.2829,7.2829,4.7193
task2_hybrid,22000000,0.934107,0.064656,0.002362,14,7.4772,7.4772,4.8833
task2_hybrid,26000000,0.903367,0.095674,0.002307,14,6.1536,6.1536,5.1668
task2_hybrid,30000000,0.942821,0.056017,0.001825,14,7.9881,7.9881,5.1723
task2_hybrid,34000000,0.945702,0.053342,0.001317,14,8.1827,8.1827,5.3294
task2_hybrid,38000000,0.951678,0.047219,0.001479,14,8.5708,8.5708,5.5246
task2_hybrid,42000000,0.954221,0.044927,0.001295,14,8.7428,8.7428,5.7431
task2_hybrid,46000000,0.955537,0.043393,0.001699,14,8.8226,8.8226,6.0739
task2_hybrid,50000000,0.957197,0.042086,0.001310,14,8.9472,8.9472,5.8819
task2_hybrid,54000000,0.959591,0.039502,0.000768,14,9.1902,9.1902,6.1276
task2_hybrid,58000000,0.958985,0.040280,0.000979,14,9.1109,9.1109,6.0112
task2_hybrid,62000000,0.962265,0.037048,0.001298,14,9.3388,9.3388,6.3479
task2_hybrid,66000000,0.961435,0.037901,0.001191,14,9.2794,9.2794,6.4414
task2_hybrid,70000000,0.963912,0.035436,0.000730,14,9.5223,9.5223,6.3814
task2_hybrid,74000000,0.964083,0.035300,0.000747,14,9.5320,9.5320,6.3499
task2_hybrid,78000000,0.964488,0.034922,0.000702,14,9.5679,9.5679,6.3600
task2_hybrid,82000000,0.966279,0.032937,0.000896,14,9.7226,9.7226,6.4729
task2_hybrid,86000000,0.967009,0.032379,0.000733,14,9.7863,9.7863,6.6877
task2_hybrid,90000000,0.967716,0.031675,0.000699,14,9.8526,9.8526,6.6022
task2_hybrid,94000000,0.968396,0.030980,0.000481,14,9.9371,9.9371,6.6516
task2_hybrid,98000000,0.969486,0.029925,0.000589,14,10.0238,10.0238,6.5809
task2_hybrid,102000000,0.968986,0.030492,0.000602,14,9.9694,9.9694,6.7989
task2_hybrid,106000000,0.970199,0.029231,0.000587,14,10.0890,10.0890,6.7936
task2_hybrid,110000000,0.970274,0.029210,0.000643,14,10.0848,10.0848,6.5808
task2_hybrid,114000000,0.969946,0.029468,0.000553,14,10.0702,10.0702,6.8459
task2_hybrid,118000000,0.970216,0.029141,0.000616,14,10.0951,10.0951,6.6206
task2_hybrid,122000000,0.971990,0.027391,0.000492,14,10.2763,10.2763,6.8953
task2_hybrid,126000000,0.971685,0.027733,0.000760,14,10.2146,10.2146,6.9802
task2_hybrid,130000000,0.971886,0.027358,0.000558,14,10.2736,10.2736,6.8813
