n,procs,threads,primes,bcast_s,comp_s,imbal_s,gather_s,sort_s,write_s,total_s,comp_min_s,comp_mean_s
130000000,1,1,7378187,0.000001,13.847215,0.000005,0.005097,0.020865,0.390449,14.263638,13.847215,13.847215
130000000,2,1,7378187,0.000002,7.019457,0.004026,0.006381,0.277966,0.413053,7.716864,7.015436,7.017447
130000000,3,1,7378187,0.000005,7.620048,7.608098,0.008364,0.307214,0.429436,8.365075,0.011961,5.080352
130000000,4,1,7378187,0.000009,3.817048,0.005153,0.009837,0.327767,0.420273,4.574948,3.811915,3.814100
130000000,5,1,7378187,0.000009,3.812221,3.799133,0.009827,0.341628,0.437461,4.601197,0.013141,3.050488
130000000,6,1,7378187,0.000014,3.837792,3.831827,0.008331,0.331178,0.443648,4.620977,0.005988,2.559481
130000000,7,1,7378187,0.000011,2.557301,2.546595,0.009751,0.336188,0.431983,3.335245,0.010718,2.191582
130000000,8,1,7378187,0.000009,1.934374,0.003429,0.013803,0.408174,0.431679,2.788047,1.930945,1.932689
130000000,9,1,7378187,0.000018,2.578758,2.574761,0.011218,0.338915,0.433530,3.362465,0.004039,1.718229
130000000,10,1,7378187,0.000017,1.975649,1.969316,0.011822,0.409062,0.445541,2.842097,0.006354,1.566992
130000000,11,1,7378187,0.000022,1.763359,1.755593,0.015227,0.369703,0.444353,2.592716,0.007810,1.547548
130000000,12,1,7378187,0.000027,2.239658,2.236667,0.014123,0.407561,0.443190,3.104558,0.003030,1.475021
130000000,13,1,7378187,0.000021,1.633273,1.625115,0.017181,0.378578,0.440645,2.469704,0.008166,1.472102
130000000,14,1,7378187,0.009739,1.893377,1.888311,0.016560,0.379023,0.438871,2.727880,0.005150,1.460613
130000000,16,1,7378187,0.001527,1.502026,0.141760,0.018196,0.419647,0.441594,2.381500,1.360369,1.440128
130000000,20,1,7378187,0.015879,1.484698,1.483870,0.027384,0.425797,0.438806,2.379263,0.003312,1.147423
130000000,24,1,7378187,0.024391,1.466609,1.484123,0.032263,0.416544,0.440645,2.374804,0.001515,0.959710
130000000,28,1,7378187,0.019180,1.485222,1.482990,0.036142,0.422784,0.436444,2.380813,0.002533,1.224990
