n,procs,threads,primes,bcast_s,comp_s,merge_s,imbal_s,gather_s,sort_s,write_s,total_s,comp_min_s,comp_mean_s
10000000,1,1,664579,0.000000,0.381252,0.000397,0.000000,0.000327,0.001852,0.038788,0.422617,0.381252,0.381252
10000000,2,7,664579,0.000002,0.040381,0.000187,0.001411,0.001977,0.021771,0.041114,0.105435,0.038981,0.039681
14000000,1,1,910077,0.000000,0.624278,0.000471,0.000001,0.000503,0.002685,0.051399,0.679338,0.624278,0.624278
14000000,2,7,910077,0.000002,0.064810,0.000281,0.002135,0.001855,0.031691,0.051539,0.150127,0.062624,0.063717
18000000,1,1,1151367,0.000000,0.879395,0.000661,0.000002,0.000619,0.003297,0.061829,0.945804,0.879395,0.879395
18000000,2,7,1151367,0.000003,0.091650,0.000413,0.001761,0.001510,0.041876,0.064945,0.200410,0.089940,0.090795
22000000,1,1,1389261,0.000000,1.149202,0.000816,0.000000,0.000704,0.003995,0.075549,1.230268,1.149202,1.149202
22000000,2,7,1389261,0.000002,0.120732,0.000481,0.002068,0.002423,0.049476,0.078812,0.251932,0.118789,0.119760
26000000,1,1,1624527,0.000000,1.476559,0.000799,0.000001,0.000766,0.004910,0.151470,1.634506,1.476559,1.476559
26000000,2,7,1624527,0.000003,0.161082,0.000622,0.011687,0.003146,0.059628,0.091861,0.316349,0.149527,0.155305
30000000,1,1,1857859,0.000000,1.778029,0.001127,0.000002,0.001060,0.005468,0.100173,1.885861,1.778029,1.778029
30000000,2,7,1857859,0.000009,0.186535,0.000853,0.008710,0.002579,0.071925,0.102702,0.364608,0.178124,0.182330
34000000,1,1,2089379,0.000000,2.136280,0.001077,0.000000,0.001080,0.006178,0.114318,2.258935,2.136280,2.136280
34000000,2,7,2089379,0.000004,0.226789,0.000565,0.005935,0.002406,0.076468,0.117628,0.423865,0.220864,0.223827
38000000,1,1,2318966,0.000001,2.588846,0.001447,0.000001,0.001549,0.006913,0.121537,2.720297,2.588846,2.588846
38000000,2,7,2318966,0.000002,0.271749,0.000657,0.002449,0.003365,0.086090,0.130531,0.492400,0.269316,0.270532
42000000,1,1,2547620,0.000000,3.029506,0.001380,0.000001,0.001323,0.007979,0.134657,3.174847,3.029506,3.029506
42000000,2,7,2547620,0.000002,0.309697,0.000738,0.002014,0.003370,0.097153,0.141840,0.552809,0.307724,0.308710
46000000,1,1,2775053,0.000000,3.457851,0.002466,0.000004,0.001397,0.008973,0.148057,3.618750,3.457851,3.457851
46000000,2,7,2775053,0.000003,0.335942,0.001326,0.005519,0.004819,0.102903,0.150785,0.595789,0.330580,0.333261
50000000,1,1,3001134,0.000000,3.857270,0.001490,0.000001,0.001398,0.008937,0.160658,4.029756,3.857270,3.857270
50000000,2,7,3001134,0.000004,0.392645,0.000900,0.007721,0.004376,0.115446,0.171733,0.685109,0.385001,0.388823
54000000,1,1,3226203,0.000001,4.334322,0.002428,0.000000,0.001666,0.009529,0.168896,4.516844,4.334322,4.334322
54000000,2,7,3226203,0.000002,0.431217,0.000992,0.001636,0.002473,0.121655,0.180788,0.737132,0.429630,0.430423
58000000,1,1,3450336,0.000000,4.781745,0.001941,0.000001,0.001720,0.010387,0.190461,4.986256,4.781745,4.781745
58000000,2,7,3450336,0.000005,0.499385,0.001011,0.013349,0.003866,0.132408,0.192822,0.829500,0.486126,0.492755
62000000,1,1,3673600,0.000001,5.314654,0.001882,0.000000,0.001906,0.010953,0.193668,5.523065,5.314654,5.314654
62000000,2,7,3673600,0.000025,0.523721,0.001757,0.002638,0.005389,0.138337,0.200849,0.870062,0.521422,0.522571
66000000,1,1,3896123,0.000000,5.745851,0.002056,0.000001,0.001908,0.011813,0.214698,5.976328,5.745851,5.745851
66000000,2,7,3896123,0.000003,0.558770,0.001686,0.003241,0.005428,0.146577,0.215411,0.927802,0.555457,0.557114
70000000,1,1,4118064,0.000000,6.255038,0.002232,0.000001,0.002003,0.012559,0.217390,6.489224,6.255038,6.255038
70000000,2,7,4118064,0.000004,0.633611,0.001265,0.012087,0.003469,0.157184,0.221363,1.016901,0.621634,0.627622
74000000,1,1,4339254,0.000000,6.705385,0.002230,0.000000,0.002060,0.013123,0.232393,6.955192,6.705385,6.705385
74000000,2,7,4339254,0.000003,0.683801,0.001221,0.016438,0.003971,0.165974,0.240342,1.095321,0.667440,0.675620
78000000,1,1,4559544,0.000000,7.281842,0.002229,0.000001,0.002224,0.013958,0.249701,7.549956,7.281842,7.281842
78000000,2,7,4559544,0.000002,0.752416,0.001476,0.028850,0.003820,0.177169,0.252541,1.187103,0.723245,0.737831
82000000,1,1,4779430,0.000000,7.883952,0.003295,0.000001,0.003096,0.014110,0.254627,8.159082,7.883952,7.883952
82000000,2,7,4779430,0.000005,0.788658,0.002067,0.010927,0.005235,0.184538,0.279989,1.260503,0.777760,0.783209
86000000,1,1,4998470,0.000001,8.387969,0.002750,0.000001,0.002552,0.014793,0.266069,8.674140,8.387969,8.387969
86000000,2,7,4998470,0.000002,0.828523,0.001427,0.005832,0.004927,0.190976,0.271166,1.297028,0.822755,0.825639
90000000,1,1,5216954,0.000001,8.957702,0.002708,0.000000,0.002932,0.015724,0.277473,9.256541,8.957702,8.957702
90000000,2,7,5216954,0.000003,0.908480,0.001681,0.014210,0.004788,0.201445,0.285628,1.402033,0.894521,0.901501
94000000,1,1,5435104,0.000000,9.482005,0.002888,0.000001,0.003212,0.016926,0.286418,9.791451,9.482005,9.482005
94000000,2,7,5435104,0.000003,0.957436,0.001697,0.015856,0.003010,0.210351,0.299522,1.472034,0.941704,0.949570
98000000,1,1,5652996,0.000000,10.130896,0.003075,0.000001,0.003079,0.017828,0.294882,10.449763,10.130896,10.130896
98000000,2,7,5652996,0.000003,1.032755,0.001583,0.004740,0.004568,0.224939,0.324103,1.587892,1.027959,1.030357
102000000,1,1,5869979,0.000000,10.719220,0.002986,0.000001,0.002786,0.017867,0.319442,11.062303,10.719220,10.719220
102000000,2,7,5869979,0.000003,1.069761,0.001492,0.002863,0.005167,0.229837,0.320805,1.627071,1.066908,1.068334
106000000,1,1,6086767,0.000000,11.312013,0.003292,0.000000,0.003355,0.018478,0.322343,11.659483,11.312013,11.312013
106000000,2,7,6086767,0.000002,1.126850,0.001831,0.000958,0.005012,0.237016,0.345685,1.716239,1.125733,1.126291
110000000,1,1,6303309,0.000001,11.861214,0.003201,0.000000,0.003100,0.019296,0.337788,12.224601,11.861214,11.861214
110000000,2,7,6303309,0.000003,1.254208,0.001898,0.043448,0.005961,0.247811,0.347735,1.857624,1.210938,1.232573
114000000,1,1,6518853,0.000000,12.427580,0.004378,0.000002,0.003121,0.019301,0.358265,12.812649,12.427580,12.427580
114000000,2,7,6518853,0.000002,1.248552,0.001726,0.003394,0.005356,0.255317,0.360610,1.871571,1.245229,1.246891
118000000,1,1,6734218,0.000000,13.094303,0.004625,0.000000,0.004055,0.020430,0.372865,13.496280,13.094303,13.094303
118000000,2,7,6734218,0.000004,1.384331,0.002230,0.000551,0.006074,0.263452,0.382542,2.038542,1.383686,1.384008
122000000,1,1,6949036,0.000000,13.857175,0.004575,0.000000,0.004241,0.021195,0.369309,14.256496,13.857175,13.857175
122000000,2,7,6949036,0.000003,1.401317,0.001948,0.003705,0.005067,0.270141,0.389091,2.067570,1.397736,1.399526
126000000,1,1,7163814,0.000000,14.470787,0.004597,0.000001,0.004060,0.024594,0.388421,14.892469,14.470787,14.470787
126000000,2,7,7163814,0.000009,1.451053,0.003236,0.017380,0.008074,0.282208,0.389216,2.133527,1.433404,1.442229
130000000,1,1,7378187,0.000001,15.018076,0.007864,0.000002,0.003814,0.022939,0.399811,15.452509,15.018076,15.018076
130000000,2,7,7378187,0.000002,1.543252,0.002299,0.005163,0.006322,0.287195,0.406515,2.245595,1.538136,1.540694
