procs,rank,comp_s,primes_found
2,0,7.479882,3689323
2,1,7.483189,3688864
3,0,0.012036,2
3,1,7.623375,3689241
3,2,7.631463,3688944
4,0,3.831305,1844654
4,1,3.828501,1844589
4,2,3.826902,1844669
4,3,3.831380,1844275
5,0,3.839545,1844743
5,1,0.013259,1
5,2,3.839988,1844624
5,3,3.841294,1844569
5,4,3.839402,1844250
6,0,0.005532,2
6,1,3.828950,1844786
6,2,3.832050,1844866
6,3,0.006013,0
6,4,3.830448,1844455
6,5,3.832911,1844078
8,0,1.921134,922450
8,1,1.920619,922206
8,2,1.923899,922486
8,3,1.931945,921957
8,4,1.926002,922204
8,5,1.926819,922383
8,6,1.918449,922183
8,7,1.932012,922318
9,0,0.004041,2
9,1,2.564702,1229875
9,2,2.568017,1229641
9,3,0.003986,0
9,4,2.562453,1229813
9,5,2.561293,1229552
9,6,0.003987,0
9,7,2.561834,1229553
9,8,2.558373,1229751
