model,r_p,r_s,T_baseline_s
task1_mpi,0.970805,0.028837,14.263638
task2_hybrid,0.972586,0.026824,15.162910

model,width,p_eff,kappa,S_amdahl,S_amdahl_peff,S_empirical
task1_mpi,1,1.00,0.000357,1.0000,1.0000,1.0000
task1_mpi,2,2.00,0.000448,1.9429,1.9429,1.8484
task1_mpi,3,2.00,0.000587,2.8327,1.9424,1.7051
task1_mpi,4,4.00,0.000690,3.6734,3.6734,3.1178
task1_mpi,5,4.00,0.000690,4.4705,3.6734,3.1000
task1_mpi,6,4.00,0.000585,5.2295,3.6748,3.0867
task1_mpi,7,6.00,0.000684,5.9450,5.2268,4.2766
task1_mpi,8,8.00,0.000968,6.6157,6.6157,5.1160
task1_mpi,9,6.00,0.000788,7.2732,5.2240,4.2420
task1_mpi,10,8.00,0.000830,7.8897,6.6218,5.0187
task1_mpi,11,10.00,0.001069,8.4631,7.8749,5.5014
task1_mpi,12,8.00,0.000992,9.0311,6.6147,4.5944
task1_mpi,13,12.00,0.001206,9.5493,9.0136,5.7754
task1_mpi,14,12.00,0.001844,9.9976,8.9621,5.2288
task1_mpi,16,16.00,0.001383,11.0018,11.0018,5.9894
task1_mpi,20,16.00,0.003033,12.4363,10.8056,5.9950
task1_mpi,24,16.00,0.003972,13.6503,10.6970,6.0062
task1_mpi,28,24.00,0.003879,14.8397,13.6677,5.9911
task2_hybrid,1x1(1),1.00,0.000590,1.0000,1.0000,1.0000
task2_hybrid,2x1(2),2.00,0.000479,1.9471,1.9471,1.8718
task2_hybrid,2x2(4),4.00,0.000531,3.6968,3.6968,3.3502
task2_hybrid,2x3(6),6.00,0.000534,5.2783,5.2783,4.6380
task2_hybrid,3x2(6),4.00,0.000640,5.2753,3.6953,3.2980
task2_hybrid,2x4(8),8.00,0.000515,6.7154,6.7154,5.7684
task2_hybrid,2x6(12),12.00,0.000619,9.2172,9.2172,6.8535
task2_hybrid,4x3(12),12.00,0.000664,9.2135,9.2135,6.6918
task2_hybrid,2x7(14),14.00,0.000680,10.3120,10.3120,6.9813
task2_hybrid,4x4(16),16.00,0.000711,11.3222,11.3222,6.7960
task2_hybrid,7x3(21),18.00,0.000820,13.5211,12.2433,6.5331
task2_hybrid,4x6(24),24.00,0.000563,14.7249,14.7249,6.8639
task2_hybrid,7x4(28),24.00,0.000887,16.0138,14.6552,6.5930
