width,serial_s,pthread_s,omp_s,mpi_s
1,21.261911,20.984806,20.542968,15.014647
2,21.261911,10.539939,10.135309,7.938084
3,21.261911,7.397164,7.358159,8.515628
4,21.261911,5.755508,5.649203,4.718774
5,21.261911,4.733895,4.641411,4.802935
6,21.261911,4.106460,4.232847,4.923984
7,21.261911,3.610987,3.566293,3.549892
8,21.261911,3.251796,3.211853,2.922430
9,21.261911,2.887890,2.883251,3.539172
10,21.261911,2.730262,3.038478,3.437879
11,21.261911,2.779842,2.661260,2.738547
12,21.261911,2.758857,2.691846,3.081699
13,21.261911,2.808646,2.571287,3.012235
14,21.261911,3.195398,3.108822,3.212637
16,21.261911,3.147434,3.043161,3.013445
20,21.261911,3.096835,3.076970,3.093663
24,21.261911,3.088164,3.027156,3.087448
28,21.261911,3.137548,3.010465,2.845250
