procs,threads,width,hybrid_s,omp_s,pthread_s,mpi_s
2,1,2,8.368125,10.640058,10.901605,8.316729
2,2,4,4.654424,5.701812,5.805715,4.726701
2,3,6,3.388494,3.961600,4.061766,4.786499
2,4,8,2.755726,3.099157,3.179448,2.919692
3,2,6,4.724425,3.961317,4.056192,4.769599
2,6,12,2.334882,2.543624,2.626459,2.994105
4,3,12,2.413079,2.548837,2.630132,2.988523
2,7,14,2.290325,2.501785,2.591129,2.710893
4,4,16,3.469955,2.577949,2.675997,2.588950
7,3,21,2.502326,2.499813,2.597310,2.578180
4,6,24,2.360856,2.481534,2.571622,2.610348
7,4,28,2.443616,2.485509,2.575821,2.657908
