n,serial_s,pthread_s,omp_s,mpi_s,mpi_internal_s,hybrid_s
10000000,0.788411,0.132357,0.123558,0.320506,0.1562,0.231476
14000000,0.912798,0.177812,0.169144,0.393177,0.1994,0.278087
18000000,1.301887,0.236514,0.225489,0.431251,0.2904,0.329991
22000000,1.744490,0.287490,0.276222,0.491037,0.3183,0.403151
26000000,2.252024,0.363678,0.334039,0.569715,0.3709,0.430552
30000000,2.712693,0.410600,0.404306,0.633869,0.4456,0.491822
34000000,3.240493,0.492492,0.451821,0.689667,0.5007,0.551787
38000000,3.779496,0.550353,0.529337,0.734974,0.5733,0.606098
42000000,4.382799,0.650904,0.603285,0.838468,0.6467,0.690002
46000000,4.964658,0.716862,0.679295,0.924581,0.7227,0.739871
50000000,5.584831,0.772055,0.737375,0.991409,0.8246,0.804120
54000000,6.227466,0.847684,0.816506,1.069203,0.9317,0.875419
58000000,6.854903,0.935434,0.891929,1.140615,0.9516,0.930248
62000000,7.519608,1.005297,0.967329,1.219234,1.0144,1.013931
66000000,8.233529,1.103941,1.043207,1.305321,1.1400,1.075591
70000000,8.933598,1.185834,1.132087,1.372280,1.2362,1.128113
74000000,9.588146,1.235242,1.196155,1.445358,1.2777,1.191859
78000000,10.488689,1.360043,1.307403,1.611652,1.4209,1.287195
82000000,11.149385,1.462963,1.389853,1.635870,1.4887,1.364364
86000000,11.916113,1.529036,1.503827,1.719172,1.5675,1.431773
90000000,12.835062,1.651653,1.573736,1.849762,1.6266,1.658900
94000000,13.797683,1.859753,2.065838,2.349302,1.7666,1.705365
98000000,15.002685,1.880176,1.830673,2.082109,1.8005,1.700102
102000000,15.138605,2.016359,1.866155,2.091561,1.9115,1.785819
106000000,16.000816,2.026360,1.969346,2.229119,2.3010,1.876597
110000000,16.832376,2.127333,2.069244,2.253526,2.3223,1.979389
114000000,17.773339,2.236977,2.191476,2.420264,2.3151,2.040118
118000000,18.603039,2.440865,2.512460,2.622430,2.5180,2.167700
122000000,20.326201,2.522349,2.424150,2.647190,2.5187,2.293465
126000000,20.295184,2.560909,2.467781,2.600770,2.5646,2.226005
130000000,21.169277,2.627042,2.603418,2.763298,3.0357,2.366206
